Id,Filename,Label,d1,d2,d3,d4,d5,d6,d7,d8
1222,Mix Packs/ST_House_Lite/Percussion/AddonBeat I,0.6,0.5696235998868744,0.24529295708190618,0.705572860006029,0.4372179076269605,0.28684479924742934,0.5368240754024156,0.49111436340574316,0.6028458025646197
