Id,Filename,Label,d1,d2,d3,d4,d5,d6,d7,d8
789,Mix Packs/ST_Electro_Lite/Synth/BoubleWobble 3,0.8,0.5436237739374599,0.39137537931063876,0.5735987343430861,0.5007579436736509,0.2830746753175119,0.499275786109715,0.6049720999552265,0.6741660063222199
