Id,Filename,Label,d1,d2,d3,d4,d5,d6,d7,d8
785,Mix Packs/ST_Electro_Lite/Synth/BoubleWobble 4,0.8,0.538920881807901,0.37925495733098047,0.5753998903647789,0.5033019685314074,0.286706967856931,0.5299734525934368,0.617989889387236,0.679514661113693
