Id,Filename,Label,d1,d2,d3,d4,d5,d6,d7,d8
781,Mix Packs/ST_Electro_Lite/Synth/BoubleWobble 1,0.8,0.5511952247778156,0.35021173376660086,0.5290712378784213,0.5266830799587964,0.31570539833679045,0.4430310999322611,0.5614099993262842,0.6657308798821799
