Id,Filename,Label,d1,d2,d3,d4,d5,d6,d7,d8
782,Mix Packs/ST_Electro_Lite/Synth/BoubleWobble 7,0.8,0.571832917946587,0.3953452237088657,0.5789927076571904,0.49152073523392,0.2998004767938147,0.5099809716274548,0.5919005156422948,0.6584035912689188
