Id,Filename,Label,d1,d2,d3,d4,d5,d6,d7,d8
779,Mix Packs/ST_Electro_Lite/Synth/BoubleWobble 5,0.8,0.5597756437402049,0.3853535580861033,0.5533025212344006,0.49720238447248155,0.2999736499216902,0.5152331757946298,0.6522038419382168,0.6565577373600556
