Id,Filename,Label,d1,d2,d3,d4,d5,d6,d7,d8
783,Mix Packs/ST_Electro_Lite/Synth/PitchGlitch Synth 6,0.8,0.4824451976349383,0.23638584786457545,0.6113738953676036,0.5678572587627464,0.25488875568421937,0.4266135490100752,0.516834300711406,0.5656691565281657
