Id,Filename,Label,d1,d2,d3,d4,d5,d6,d7,d8
786,Mix Packs/ST_Electro_Lite/Synth/PitchGlitch Synth 7,0.8,0.48442186891332284,0.2403287298802409,0.6041080331885142,0.5798783616724713,0.2716081688334742,0.44215185145873465,0.5273918336613248,0.5184098347417819
