Id,Filename,Label,d1,d2,d3,d4,d5,d6,d7,d8
788,Mix Packs/ST_Electro_Lite/Synth/PitchGlitch Synth 2,0.8,0.5324388520397928,0.28607947660608063,0.63690585365734,0.5929642662394417,0.24552925638068185,0.44883160800171107,0.48894092002502193,0.5711646656872863
