Id,Filename,Label,d1,d2,d3,d4,d5,d6,d7,d8
784,Mix Packs/ST_Electro_Lite/Synth/PitchGlitch Synth 3,0.8,0.5048869919129388,0.26197916154850576,0.6409881265156695,0.5903443183411143,0.25730915690110695,0.4724771574449712,0.48446653231455294,0.5522888272195355
