Id,Filename,Label,d1,d2,d3,d4,d5,d6,d7,d8
793,Mix Packs/ST_Electro_Lite/Synth/PitchGlitch Synth 5,0.8,0.5053075558421088,0.27776094537449036,0.6325746006235105,0.5895498695971856,0.2679095635184678,0.4330679361158636,0.49976586102932474,0.5482062000099263
