Id,Filename,Label,d1,d2,d3,d4,d5,d6,d7,d8
791,Mix Packs/ST_Electro_Lite/Synth/PitchGlitch Synth 1,0.8,0.47718914424966047,0.2275681380917339,0.5569573468171594,0.5638118964175842,0.27544370216068303,0.4417033259790313,0.5511353609160762,0.5068254367609935
