Id,Filename,Label,d1,d2,d3,d4,d5,d6,d7,d8
787,Mix Packs/ST_Electro_Lite/Synth/PitchGlitch Synth 4,0.8,0.49089464498789964,0.2532075765090982,0.6171188910186118,0.5733043953089684,0.23706347808565598,0.4376126482081868,0.5093385909069197,0.5741349036796088
