Id,Filename,Label,d1,d2,d3,d4,d5,d6,d7,d8
970,Mix Packs/ST_Electro_Pop/Sequence/ARP_Seq 1,0.8,0.7237520460678113,0.3156413092138175,0.6562853487349055,0.36090443261954497,0.25029725624946997,0.478587516178305,0.5177033254491398,0.46120416431653755
