Id,Filename,Label,d1,d2,d3,d4,d5,d6,d7,d8
933,Mix Packs/ST_Electro_Pop/Sequence/ARP_Seq 2,0.8,0.7183230985522158,0.3084077902577569,0.6425895437063531,0.3599899450099162,0.24954990489328935,0.479273555084036,0.5202101110309512,0.4638540464786269
