Id,Filename,Label,d1,d2,d3,d4,d5,d6,d7,d8
953,Mix Packs/ST_Electro_Pop/Sequence/ARP_Seq 3,0.8,0.6993729172070434,0.28518850413108454,0.6372195658935957,0.39363276084939713,0.25991565892138463,0.5301209167782722,0.4759451072584047,0.4593471008908976
