Id,Filename,Label,d1,d2,d3,d4,d5,d6,d7,d8
978,Mix Packs/ST_Electro_Pop/Sequence/ARP_Seq 7,0.8,0.6953903189629644,0.3100254687955887,0.6492843657208769,0.3634978915056953,0.2325083784764603,0.5012162076505657,0.4939326017150028,0.47749418277618877
