Id,Filename,Label,d1,d2,d3,d4,d5,d6,d7,d8
926,Mix Packs/ST_Electro_Pop/Sequence/ARP_Seq 5,0.8,0.6840110732590718,0.3850005449469211,0.7182400664904813,0.31656760015421864,0.1808255561996353,0.5007132327558517,0.6299239946304014,0.4851545001608729
