Id,Filename,Label,d1,d2,d3,d4,d5,d6,d7,d8
980,Mix Packs/ST_Electro_Pop/Sequence/ARP_Seq 4,0.8,0.6883027761830767,0.356835615384015,0.6748969466255237,0.2934988055154836,0.18334675798589856,0.48279520506600104,0.5827072250398084,0.4759915671731735
