Id,Filename,Label,d1,d2,d3,d4,d5,d6,d7,d8
944,Mix Packs/ST_Electro_Pop/Sequence/Bungee 2,0.7,0.6976421319976555,0.3079159923189159,0.5596698864977723,0.38397139946106423,0.24248235591194556,0.5081129575553974,0.5605741741186975,0.30329665393734967
