Id,Filename,Label,d1,d2,d3,d4,d5,d6,d7,d8
938,Mix Packs/ST_Electro_Pop/Sequence/Cychord 3,0.7,0.7010588813532938,0.28224538555278134,0.5375942736006685,0.46996528842611923,0.34031316472876255,0.5736708515920983,0.4920738187270702,0.5612494253906639
