Id,Filename,Label,d1,d2,d3,d4,d5,d6,d7,d8
976,Mix Packs/ST_Electro_Pop/Sequence/Cychord 5,0.7,0.6841612839988385,0.26328875716446276,0.4764292156385306,0.4826853151255248,0.35278058220431374,0.5510765118961078,0.431748767641181,0.5325780372270615
