Id,Filename,Label,d1,d2,d3,d4,d5,d6,d7,d8
962,Mix Packs/ST_Electro_Pop/Sequence/Cychord 1,0.7,0.7073972877027046,0.29639041261183435,0.5052397141452769,0.47266718841923183,0.33125609465305633,0.5403304267898691,0.44175556653908904,0.546995622541935
