Id,Filename,Label,d1,d2,d3,d4,d5,d6,d7,d8
969,Mix Packs/ST_Electro_Pop/Sequence/Cychord 2,0.7,0.7236519976121245,0.25668185768643714,0.49737425964146587,0.43421934315896094,0.3313713169163892,0.5120473803323303,0.42455254400500536,0.5720309924386653
