Id,Filename,Label,d1,d2,d3,d4,d5,d6,d7,d8
947,Mix Packs/ST_Electro_Pop/Sequence/Cychord 4,0.7,0.7056052768766283,0.2636901434838649,0.5322968718678912,0.43238018215726665,0.3635118160459443,0.5682117247943261,0.48647371609651957,0.6003707314699457
