Id,Filename,Label,d1,d2,d3,d4,d5,d6,d7,d8
948,Mix Packs/ST_Electro_Pop/Sequence/Dance_Stuff 6,0.8,0.7394544173434877,0.385555475861657,0.3312619946575266,0.43962058430713413,0.34036058104704237,0.5153933597601247,0.46916089916202214,0.4860736720150539
