Id,Filename,Label,d1,d2,d3,d4,d5,d6,d7,d8
977,Mix Packs/ST_Electro_Pop/Sequence/Dance_Stuff 3,0.8,0.7550847252173879,0.3469257939519557,0.33583439493901457,0.42245126827786994,0.34611022351419135,0.5091997354526822,0.413305354597256,0.4722125387643779
