Id,Filename,Label,d1,d2,d3,d4,d5,d6,d7,d8
972,Mix Packs/ST_Electro_Pop/Sequence/Dance_Stuff 7,0.8,0.7521878121022543,0.3364634776567823,0.3654578564586609,0.41745624963151395,0.3010847581198606,0.4729761176878618,0.43645632900298853,0.5284398506956086
