Id,Filename,Label,d1,d2,d3,d4,d5,d6,d7,d8
966,Mix Packs/ST_Electro_Pop/Sequence/Dance_Stuff 2,0.8,0.7561327934321669,0.3604112201184778,0.34524348512412983,0.4165634084121765,0.32671730961426987,0.4904210772626892,0.4392623935267181,0.48830729692715813
