Id,Filename,Label,d1,d2,d3,d4,d5,d6,d7,d8
958,Mix Packs/ST_Electro_Pop/Sequence/Dance_Stuff 1,0.8,0.7566684751575296,0.37135192554176377,0.3806907820478449,0.42292446840183207,0.3116868113209711,0.5046378230247783,0.43526877727033,0.5313088864652148
