Id,Filename,Label,d1,d2,d3,d4,d5,d6,d7,d8
925,Mix Packs/ST_Electro_Pop/Sequence/Hard_Agro 3,0.8,0.4849247940102748,0.4372822889678542,0.44963462788068564,0.5551965507386956,0.31236877314312783,0.6034772762649322,0.49742452101761453,0.5133269008549981
