Id,Filename,Label,d1,d2,d3,d4,d5,d6,d7,d8
974,Mix Packs/ST_Electro_Pop/Sequence/Hard_Agro 1,0.8,0.4577744091994491,0.4739265274394444,0.4672815929880765,0.5749944976238287,0.34134414016620873,0.6232374853379548,0.5162218684037724,0.5152331456097935
