Id,Filename,Label,d1,d2,d3,d4,d5,d6,d7,d8
956,Mix Packs/ST_Electro_Pop/Sequence/Hard_Agro 5,0.8,0.49851215911149105,0.41010371329693224,0.4675374950227859,0.5422455555651507,0.33928847655283606,0.5607327170712971,0.5362147814283758,0.5235334277061274
