Id,Filename,Label,d1,d2,d3,d4,d5,d6,d7,d8
984,Mix Packs/ST_Electro_Pop/Sequence/Hard_Agro 4,0.8,0.4732571575409087,0.3912226866276743,0.4218313628349182,0.5369498420355142,0.3344900627995131,0.5699926458279913,0.48729200916004733,0.5090594869610627
