Id,Filename,Label,d1,d2,d3,d4,d5,d6,d7,d8
982,Mix Packs/ST_Electro_Pop/Sequence/Hard_Agro 7,0.8,0.41425812193886535,0.45476091551262743,0.46924470212755476,0.5762606092147434,0.3339144317655172,0.6236076750647351,0.48960626285746756,0.5140344236204666
