Id,Filename,Label,d1,d2,d3,d4,d5,d6,d7,d8
975,Mix Packs/ST_Electro_Pop/Sequence/Hard_Agro 6,0.8,0.3914693833011679,0.4367098317120668,0.47343548469014085,0.5804820975124424,0.35713397014100884,0.5995865476126374,0.4926112988773854,0.5145927440359771
