Id,Filename,Label,d1,d2,d3,d4,d5,d6,d7,d8
1186,Mix Packs/ST_House_Lite/Sequence/Chordala 7,0.7,0.593260875459153,0.41162065773587947,0.6916300190024551,0.48386219360256655,0.35740246704877116,0.780742251111268,0.6132693349510212,0.7225219950526651
