Id,Filename,Label,d1,d2,d3,d4,d5,d6,d7,d8
1197,Mix Packs/ST_House_Lite/Sequence/Chordala 6,0.7,0.5998447609702732,0.3804576244736851,0.6425018626485509,0.5026102149495975,0.3688109804091298,0.7663556930207531,0.6096994722749461,0.729654628900765
