Id,Filename,Label,d1,d2,d3,d4,d5,d6,d7,d8
1192,Mix Packs/ST_House_Lite/Sequence/Chordala 2,0.7,0.619770921412187,0.2886683988980886,0.6709568675884567,0.5166131048612386,0.371259497407425,0.7611425123666913,0.4930195909612063,0.7512666289845522
