Id,Filename,Label,d1,d2,d3,d4,d5,d6,d7,d8
1203,Mix Packs/ST_House_Lite/Sequence/Chordala 4,0.7,0.6587700723822373,0.3546657290926798,0.711802537932332,0.39333331545183203,0.22909247394804294,0.6430101779286873,0.5815732268189173,0.6893315631149325
