Id,Filename,Label,d1,d2,d3,d4,d5,d6,d7,d8
1193,Mix Packs/ST_House_Lite/Sequence/Chordala 3,0.7,0.6237822915905443,0.3647538572467574,0.7160053513437632,0.4285294594936464,0.25155056361227796,0.6893403099256515,0.5946269784983458,0.7114769502287037
