Id,Filename,Label,d1,d2,d3,d4,d5,d6,d7,d8
1183,Mix Packs/ST_House_Lite/Sequence/Spacechords 1,0.7,0.6901789799924483,0.3139053805478089,0.5761489416777859,0.45784093711663526,0.29459105083692627,0.626420195238799,0.37412758065083007,0.6258528226885448
