Id,Filename,Label,d1,d2,d3,d4,d5,d6,d7,d8
1187,Mix Packs/ST_House_Lite/Sequence/Spacechords 3,0.7,0.6749688251714072,0.31655885586766647,0.5785669325785882,0.45130889309306205,0.2889824252296124,0.6493458126556312,0.376363191896478,0.6089024657126788
