Id,Filename,Label,d1,d2,d3,d4,d5,d6,d7,d8
1184,Mix Packs/ST_House_Lite/Sequence/Spacechords 4,0.7,0.6693533481003896,0.2965814981334276,0.5664464046867022,0.44124551333209944,0.2904258280662404,0.650872372703311,0.3903918412652681,0.584119998059152
