Id,Filename,Label,d1,d2,d3,d4,d5,d6,d7,d8
1194,Mix Packs/ST_House_Lite/Sequence/Spacechords 7,0.7,0.6727841791969448,0.3105797131335178,0.6177092095705496,0.41576227934211324,0.2890935507637934,0.6389856158810511,0.37974463451256246,0.6092884225777351
