Id,Filename,Label,d1,d2,d3,d4,d5,d6,d7,d8
1191,Mix Packs/ST_House_Lite/Sequence/Spacechords 5,0.7,0.6728461249066806,0.31645634561570524,0.6137918094858998,0.4613669029413818,0.3107747522904872,0.6772785624377462,0.36732311867805467,0.6205760746758635
