Id,Filename,Label,d1,d2,d3,d4,d5,d6,d7,d8
1200,Mix Packs/ST_House_Lite/Sequence/Spacechords 6,0.7,0.6584230385967709,0.2940770700294494,0.6008503441688645,0.45215363108336964,0.3024990869174673,0.6757251366848893,0.39504008572153576,0.5956234871166014
