Id,Filename,Label,d1,d2,d3,d4,d5,d6,d7,d8
2396,Mix Packs/ST_Loudly_Exclusive/Synths/Crazy Talkin SpclBld,0.3,0.8713267477721481,0.6197103632387618,0.36294748500578644,0.8302481678614888,0.15358032103724267,0.32650590360912285,0.6526237110396864,0.4044572714840802
