Id,Filename,Label,d1,d2,d3,d4,d5,d6,d7,d8
2387,Mix Packs/ST_Loudly_Exclusive/Synths/Middle Ground 6,0.3,0.6613862712292647,0.5603269560330915,0.34652131092887056,0.5197195329017312,0.32273835721214,0.6495809564474819,0.4950457988263258,0.4792960563494955
