Id,Filename,Label,d1,d2,d3,d4,d5,d6,d7,d8
2388,Mix Packs/ST_Loudly_Exclusive/Synths/Ruin Marble 4,0.5,0.695699171797008,0.4165320272673738,0.44803389223112156,0.481274572462061,0.3792077724868224,0.5704699729105653,0.5276700105815952,0.5903739949957637
