Id,Filename,Label,d1,d2,d3,d4,d5,d6,d7,d8
2392,Mix Packs/ST_Loudly_Exclusive/Synths/Ruin Marble 3,0.5,0.6870225973154452,0.432461179119799,0.4658412472897463,0.4942605305404735,0.39197554329163226,0.599547181288934,0.5270191537291534,0.5803658045783693
