Id,Filename,Label,d1,d2,d3,d4,d5,d6,d7,d8
2393,Mix Packs/ST_Loudly_Exclusive/Synths/Ruin Marble 7,0.5,0.6799706443158151,0.37546406694681633,0.44251474486706655,0.48476717009152986,0.37584735086782767,0.568516098778339,0.5449769519931503,0.5627032409932523
