Id,Filename,Label,d1,d2,d3,d4,d5,d6,d7,d8
2401,Mix Packs/ST_Loudly_Exclusive/Synths/Ruin Marble 2,0.5,0.6969578528051352,0.4019698553638855,0.4572859581544354,0.4834706332070179,0.3921063862440465,0.5541354986932384,0.5319393309330163,0.5830208030489756
