Id,Filename,Label,d1,d2,d3,d4,d5,d6,d7,d8
2384,Mix Packs/ST_Loudly_Exclusive/Synths/Ruin Marble 5,0.5,0.6784560490035075,0.40564209665458284,0.44070685462913295,0.4836762646243693,0.3922021897458039,0.5735828976353167,0.5081428037897658,0.5674785453985975
