Id,Filename,Label,d1,d2,d3,d4,d5,d6,d7,d8
2390,Mix Packs/ST_Loudly_Exclusive/Synths/Ruin Marble 6,0.5,0.7024429656505053,0.3817407241869351,0.4548633201540582,0.48141391468566896,0.38457477997316786,0.5652311309965863,0.5175873836747832,0.6101108037894378
