Id,Filename,Label,d1,d2,d3,d4,d5,d6,d7,d8
1136,Mix Packs/ST_House_Lite/Drums Solo/Drake F,0.6,0.636462819953952,0.2927061211501373,0.7253929950587825,0.7470724656786158,0.38788355637854155,0.6871622116093448,0.4407896396375534,0.4786731018981555
