Id,Filename,Label,d1,d2,d3,d4,d5,d6,d7,d8
1049,Mix Packs/ST_Electro_Pop/Bass/80s_Bass 4,0.1,0.28561459339768624,0.3210023644180969,0.5537682542047672,0.5697560918809714,0.24020800374675333,0.31826121592885825,0.5657792409317768,0.7344782755577098
