Id,Filename,Label,d1,d2,d3,d4,d5,d6,d7,d8
1059,Mix Packs/ST_Electro_Pop/Bass/80s_Bass 2,0.1,0.2738235211128611,0.3734251908815563,0.5523937440239224,0.5793873603116314,0.2354169738211885,0.3436982471299874,0.5556766527656806,0.7196524015080283
