Id,Filename,Label,d1,d2,d3,d4,d5,d6,d7,d8
1048,Mix Packs/ST_Electro_Pop/Bass/80s_Bass 1,0.1,0.2483508015937223,0.3900664737343702,0.5256792190928795,0.5829058375636835,0.24133694881236495,0.36666384433735655,0.5439687316249178,0.6849865814458234
