Id,Filename,Label,d1,d2,d3,d4,d5,d6,d7,d8
1031,Mix Packs/ST_Electro_Pop/Bass/80s_Bass 6,0.1,0.2401185821374034,0.3484019640047517,0.5092989546086679,0.5893522666953385,0.2267561227931036,0.3567086723302221,0.532990159049383,0.6930691941787525
