Id,Filename,Label,d1,d2,d3,d4,d5,d6,d7,d8
1057,Mix Packs/ST_Electro_Pop/Bass/80s_Bass 3,0.1,0.27006315485961185,0.3153971513130973,0.5209642499665581,0.5677213633226162,0.23132085328350183,0.3033096461389587,0.5819597662226402,0.7017027178373969
