Id,Filename,Label,d1,d2,d3,d4,d5,d6,d7,d8
1056,Mix Packs/ST_Electro_Pop/Bass/Dirrty_Bazz 1,0.1,0.28757119214160554,0.5486101958878105,0.598863849319404,0.46799857741826956,0.3603192698382029,0.5730652433277711,0.4576885123328367,0.5414062042986374
