Id,Filename,Label,d1,d2,d3,d4,d5,d6,d7,d8
1052,Mix Packs/ST_Electro_Pop/Bass/Dirrty_Bazz 4,0.1,0.33535857575024575,0.4957700797267771,0.6227460284974371,0.44290907874490104,0.34703185873254827,0.5657443285489487,0.47189944816188334,0.5751762188952575
