Id,Filename,Label,d1,d2,d3,d4,d5,d6,d7,d8
1062,Mix Packs/ST_Electro_Pop/Bass/Dirrty_Bazz 3,0.1,0.3209197494147404,0.49202774197747534,0.5908327044219959,0.44929062315592166,0.34663497639563123,0.5568011630982953,0.4806075738839197,0.554203817010464
