Id,Filename,Label,d1,d2,d3,d4,d5,d6,d7,d8
1036,Mix Packs/ST_Electro_Pop/Bass/Dirrty_Bazz 5,0.1,0.3578766375324894,0.5073706836876862,0.574793599232612,0.43438039731571926,0.34268945887200203,0.5431275489027078,0.48543291903784724,0.5583779221948656
