Id,Filename,Label,d1,d2,d3,d4,d5,d6,d7,d8
1054,Mix Packs/ST_Electro_Pop/Bass/Dirrty_Bazz 7,0.1,0.26646632392603786,0.4873800866112423,0.6188656064803965,0.47268828695114523,0.3666195208289348,0.5617511591897619,0.4417121567916169,0.5522297607224482
