Id,Filename,Label,d1,d2,d3,d4,d5,d6,d7,d8
1046,Mix Packs/ST_Electro_Pop/Bass/TranceBass 4,0.1,0.21927340523668287,0.4625184647709519,0.5792405046681817,0.46199402702453785,0.2648702154200078,0.5678169747866919,0.530080732563807,0.48939895075947404
