Id,Filename,Label,d1,d2,d3,d4,d5,d6,d7,d8
1039,Mix Packs/ST_Electro_Pop/Bass/TranceBass 7,0.1,0.16510853587485896,0.512186617730372,0.5674703788627392,0.5067647555272409,0.2576431536995031,0.5831044413428318,0.4818841304016049,0.48889899801660686
