Id,Filename,Label,d1,d2,d3,d4,d5,d6,d7,d8
1065,Mix Packs/ST_Electro_Pop/Bass/TranceBass 1,0.1,0.16870596714017327,0.6095025554286329,0.5796657809169855,0.5165198272731567,0.2693890266924791,0.58551940484053,0.5062824625486376,0.4926560302650706
