Id,Filename,Label,d1,d2,d3,d4,d5,d6,d7,d8
1040,Mix Packs/ST_Electro_Pop/Bass/TranceBass 6,0.1,0.13574199132521692,0.5812221831879392,0.5836716810927461,0.5202990184264603,0.2573838257723164,0.59512768136385,0.4579495120342362,0.5252262459223317
