Id,Filename,Label,d1,d2,d3,d4,d5,d6,d7,d8
1034,Mix Packs/ST_Electro_Pop/Bass/TranceBass 2,0.1,0.2112184383977132,0.48148892410696564,0.5121449405402855,0.4700444384778076,0.25692152579249805,0.5283249901706495,0.5750557145948008,0.43475395889016044
