Id,Filename,Label,d1,d2,d3,d4,d5,d6,d7,d8
759,Mix Packs/ST_Electro_Lite/Bass/BestSub Bass 1,0.1,0.17679559853200477,0.26933651961758764,0.21161699028673686,0.5886043394188337,0.3911116722865563,0.5254455676571621,0.43349909470613873,0.4217019673792749
