Id,Filename,Label,d1,d2,d3,d4,d5,d6,d7,d8
735,Mix Packs/ST_Electro_Lite/Fx/DelGlitchosLong FX,0.3,0.7525955916521304,0.5236881215949285,0.4663480417846372,0.466249577246826,0.31438939201879373,0.38991882565504843,0.4820608829410805,0.6473292635862868
