Id,Filename,Label,d1,d2,d3,d4,d5,d6,d7,d8
736,Mix Packs/ST_Electro_Lite/Fx/DoerbeDownlifter Pumpin FX,0.3,0.5986382566492227,0.32420635849282226,0.41885695244359056,0.40468873325472016,0.36453266289561465,0.5125577222777483,0.5447020778695671,0.48177716309881957
