Id,Filename,Label,d1,d2,d3,d4,d5,d6,d7,d8
746,Mix Packs/ST_Electro_Lite/Glitches/HouseGlitch 7,0.8,0.6740032397279856,0.2603118036053116,0.6004591020130766,0.6549663098170349,0.19816760868352967,0.6315204161153211,0.4318965028323986,0.4251270954470346
