Id,Filename,Label,d1,d2,d3,d4,d5,d6,d7,d8
753,Mix Packs/ST_Electro_Lite/Glitches/RockinDck 2,0.8,0.7100518531223703,0.37673434559058977,0.5103945770291259,0.6352271819548362,0.1519276665846397,0.5771570640442941,0.5383496894936968,0.3893754868360475
