Id,Filename,Label,d1,d2,d3,d4,d5,d6,d7,d8
745,Mix Packs/ST_Electro_Lite/Glitches/RockinDck 4,0.8,0.6933830004825297,0.272895223529993,0.4684665104254055,0.6280067228850499,0.17679723048263607,0.5906438847988703,0.5204691842783178,0.34235958216734796
