Id,Filename,Label,d1,d2,d3,d4,d5,d6,d7,d8
755,Mix Packs/ST_Electro_Lite/Glitches/RockinDck 5,0.8,0.6879124486909577,0.3222157650311164,0.4823140993352727,0.6232866847529442,0.15911877293198218,0.6018816686166123,0.5426312093664971,0.37593866923175634
