Id,Filename,Label,d1,d2,d3,d4,d5,d6,d7,d8
737,Mix Packs/ST_Electro_Lite/Glitches/RockinDck 3,0.8,0.6991000470997637,0.3301429891016305,0.4621296572993857,0.6235545859782626,0.16223643373544114,0.57533296951871,0.5402999354269741,0.34100269296042807
