Id,Filename,Label,d1,d2,d3,d4,d5,d6,d7,d8
742,Mix Packs/ST_Electro_Lite/Glitches/RockinDck 6,0.8,0.685217775924248,0.2654509068890029,0.49956907326835004,0.6290572694427882,0.16742760364669051,0.573191631029042,0.5326379356023663,0.3361496547968426
