Id,Filename,Label,d1,d2,d3,d4,d5,d6,d7,d8
757,Mix Packs/ST_Electro_Lite/Glitches/RockinDck 1,0.8,0.704446853912775,0.3316817020744722,0.4834728892300652,0.6409388446438506,0.1821218277032141,0.5712030173479677,0.5159261142101751,0.3545054329051682
