Id,Filename,Label,d1,d2,d3,d4,d5,d6,d7,d8
752,Mix Packs/ST_Electro_Lite/Glitches/RockinDck 7,0.8,0.6757987800571476,0.24175370423637324,0.499415878651476,0.6337552631150392,0.1791504384828184,0.5939325126148416,0.5118958096420259,0.3440947026927714
