Id,Filename,Label,d1,d2,d3,d4,d5,d6,d7,d8
710,Mix Packs/ST_Electro_Lite/Drums/GlitchAmerica A,0.2,0.38031740507213974,0.09427656293778347,0.505260262960529,0.49502212702045856,0.31545593180942916,0.4528722412116813,0.5202481323608678,0.4838190000162048
