Id,Filename,Label,d1,d2,d3,d4,d5,d6,d7,d8
717,Mix Packs/ST_Electro_Lite/Drums/GlitchAmerica E,0.2,0.36027019560323403,0.1328842148774801,0.47194327304930683,0.4524114756100365,0.3041051120275689,0.4628020732800959,0.4849807922841876,0.44970460162517084
