Id,Filename,Label,d1,d2,d3,d4,d5,d6,d7,d8
1145,Mix Packs/ST_House_Lite/Drums/Grounded B,0.2,0.2739070730180501,0.18815227507949683,0.5266129476181661,0.4829768003936874,0.26684400999431773,0.5056231838188153,0.4801372200736049,0.519860840294309
