Id,Filename,Label,d1,d2,d3,d4,d5,d6,d7,d8
1147,Mix Packs/ST_House_Lite/Drums/Sticky J,0.2,0.526427098793337,0.13078389087503017,0.6746423021444381,0.5387382112988569,0.3123486508860824,0.6077652073674115,0.5981060187510487,0.43233242075707545
