Id,Filename,Label,d1,d2,d3,d4,d5,d6,d7,d8
1140,Mix Packs/ST_House_Lite/Drums/Sticky A,0.2,0.18724515221087884,0.08620063075043616,0.5638695403183429,0.4334302487762888,0.35868849101824984,0.6057365562765258,0.6119936657768306,0.5485788246869464
