Id,Filename,Label,d1,d2,d3,d4,d5,d6,d7,d8
2303,Mix Packs/ST_Loudly_Exclusive/Drums Singles/KikStomp D,0.6,0.42196442957245506,0.23009461268061618,0.4786991636832336,0.6202253205458864,0.348020490210045,0.6113247514067403,0.4005400793210953,0.6305953872658638
