Id,Filename,Label,d1,d2,d3,d4,d5,d6,d7,d8
2321,Mix Packs/ST_Loudly_Exclusive/Drums Singles/Loudly Sn C,0.6,0.6861325482515812,0.25769768140521887,0.6714562325843819,0.6386975536553128,0.31532449199570234,0.5420976345832293,0.4330654486229425,0.6365878153057746
