Id,Filename,Label,d1,d2,d3,d4,d5,d6,d7,d8
2322,Mix Packs/ST_Loudly_Exclusive/Drums Singles/Loudly Tops B,0.6,0.6694846287957341,0.25261186521264817,0.6469721775885507,0.5689479404963487,0.34391453688734397,0.5121837287031271,0.4702619063411154,0.6176979034103736
