Id,Filename,Label,d1,d2,d3,d4,d5,d6,d7,d8
2315,Mix Packs/ST_Loudly_Exclusive/Drums Singles/Loudly Tops G,0.6,0.6697639857801901,0.25284061833710225,0.6475499334824746,0.5688623142339789,0.34442438175970697,0.5123961041522698,0.4704526888996269,0.6174191655411642
