Id,Filename,Label,d1,d2,d3,d4,d5,d6,d7,d8
2307,Mix Packs/ST_Loudly_Exclusive/Drums Singles/Mighty Pickup A,0.6,0.5315895719245401,0.33200047241779257,0.5794695161861001,0.5037540976427312,0.3467487638505705,0.5230400484888117,0.4487713542075145,0.6226481450027298
