Id,Filename,Label,d1,d2,d3,d4,d5,d6,d7,d8
1004,Mix Packs/ST_Electro_Pop/Strings/Harp 5,0.8,0.8568676879686693,0.5504409308017549,0.48548404058069444,0.3988500534364664,0.428659960647369,0.5654024739071909,0.5203264820488521,0.6899175150435718
