Id,Filename,Label,d1,d2,d3,d4,d5,d6,d7,d8
995,Mix Packs/ST_Electro_Pop/Strings/Harp 4,0.8,0.7751738310845153,0.5818452276116769,0.6437987875222235,0.40910183794351296,0.3830822894753646,0.4955747892704665,0.4527043554242293,0.8340902905130694
