Id,Filename,Label,d1,d2,d3,d4,d5,d6,d7,d8
986,Mix Packs/ST_Electro_Pop/Strings/Harp 3,0.8,0.8008442787124793,0.5443532194690333,0.5721825346171773,0.42224839580642426,0.4100966762421099,0.5093935922134905,0.4286559974789427,0.77837708734591
