Id,Filename,Label,d1,d2,d3,d4,d5,d6,d7,d8
1005,Mix Packs/ST_Electro_Pop/Strings/Harp 2,0.8,0.7781322007078901,0.5401731566824413,0.5198551994258245,0.431421650322573,0.3975063852697676,0.5374320092596725,0.4529512713226849,0.7454622859967788
