Id,Filename,Label,d1,d2,d3,d4,d5,d6,d7,d8
1002,Mix Packs/ST_Electro_Pop/Strings/Harp 1,0.8,0.761646701877194,0.6291354591474583,0.563235677849465,0.46763694101784087,0.3817458353847459,0.6172189858779461,0.4933405704440864,0.7511782898910535
