Id,Filename,Label,d1,d2,d3,d4,d5,d6,d7,d8
985,Mix Packs/ST_Electro_Pop/Strings/Orchestral_Hit 1,0.8,0.7466001923155402,0.33745636202684354,0.4070878249027515,0.4133059154329499,0.31202255139509033,0.4626464244144996,0.4766497327932553,0.5753042167268854
