Id,Filename,Label,d1,d2,d3,d4,d5,d6,d7,d8
993,Mix Packs/ST_Electro_Pop/Strings/Orchestral_Hit 4,0.8,0.7626771284040399,0.36318285883031076,0.4125502465235736,0.39238902718507035,0.30078732950543563,0.43728739231534286,0.48767840934752993,0.5974929634411816
