Id,Filename,Label,d1,d2,d3,d4,d5,d6,d7,d8
1003,Mix Packs/ST_Electro_Pop/Strings/Orchestral_Hit 3,0.8,0.7460671483070374,0.3332848899216832,0.3884134504018941,0.4518352019476115,0.3272301771096523,0.4809757754079827,0.46110503148123594,0.555344067384229
