Id,Filename,Label,d1,d2,d3,d4,d5,d6,d7,d8
991,Mix Packs/ST_Electro_Pop/Strings/Orchestral_Hit 5,0.8,0.7303601728853681,0.3556576404251728,0.41406897779898705,0.4284448691460584,0.3068298957863612,0.49015193205588636,0.5012186715309274,0.5850897660351443
