Id,Filename,Label,d1,d2,d3,d4,d5,d6,d7,d8
990,Mix Packs/ST_Electro_Pop/Strings/Orchestral_Hit 2,0.8,0.7385443287973864,0.3339253146641854,0.37598247339028357,0.42871818512698406,0.3306241611158069,0.48560142665455974,0.45854322708713646,0.5173223391095401
