Id,Filename,Label,d1,d2,d3,d4,d5,d6,d7,d8
1097,Mix Packs/ST_Electro_Pop/Synth/Big_Chord 2,0.7,0.6916264846719643,0.36456662489942787,0.4387729389880646,0.3583132997770317,0.2762394496825709,0.4244165543035478,0.471532987447179,0.37731222649570606
