Id,Filename,Label,d1,d2,d3,d4,d5,d6,d7,d8
1107,Mix Packs/ST_Electro_Pop/Synth/Big_Chord 5,0.7,0.7058859783793073,0.3826568159524127,0.47247877593693743,0.37699159924234693,0.3018987271518415,0.45241010208669635,0.4578208218446576,0.39357128644139777
