Id,Filename,Label,d1,d2,d3,d4,d5,d6,d7,d8
1080,Mix Packs/ST_Electro_Pop/Synth/Big_Chord 7,0.7,0.6864314014027094,0.37603954812011,0.4734619703042164,0.34735828848459704,0.26547032806604376,0.40846524178392823,0.5476197772869695,0.4498229863744284
