Id,Filename,Label,d1,d2,d3,d4,d5,d6,d7,d8
1108,Mix Packs/ST_Electro_Pop/Synth/Big_Chord 3,0.7,0.6946382897580028,0.35320532230725515,0.4454340278806269,0.3855640242825467,0.29056371423395944,0.43457945477274856,0.4680711604493595,0.40503509028369244
