Id,Filename,Label,d1,d2,d3,d4,d5,d6,d7,d8
1134,Mix Packs/ST_Electro_Pop/Synth/Big_Chord 4,0.7,0.6700477744260833,0.4260721909876143,0.4926979676355287,0.3208500929671759,0.256956106611717,0.43922010719637905,0.5500479036729856,0.41884826250714646
