Id,Filename,Label,d1,d2,d3,d4,d5,d6,d7,d8
1074,Mix Packs/ST_Electro_Pop/Synth/Big_Chord 6,0.7,0.6805318666677371,0.3332608295353076,0.4166365510260315,0.40804696447663324,0.3331572591921822,0.4504545202948119,0.4866285564014327,0.4220646257316939
