Id,Filename,Label,d1,d2,d3,d4,d5,d6,d7,d8
1068,Mix Packs/ST_Electro_Pop/Synth/Bleep 5,0.8,0.7089004797744107,0.39782106703203357,0.7139041236555068,0.47087971618180247,0.2625953851300163,0.32012759912142874,0.48123945715358574,0.5626639179516453
