Id,Filename,Label,d1,d2,d3,d4,d5,d6,d7,d8
1101,Mix Packs/ST_Electro_Pop/Synth/Chord_Punch 3,0.7,0.5796883961202662,0.41512674867218585,0.46570122258656615,0.4268194873567286,0.30635682817348386,0.5827728184840781,0.4465393892019143,0.5210859899838531
