Id,Filename,Label,d1,d2,d3,d4,d5,d6,d7,d8
1105,Mix Packs/ST_Electro_Pop/Synth/Chord_Punch 4,0.7,0.5862525477719738,0.37024612213155955,0.4531818474984662,0.4177198347310809,0.3008911423590268,0.5839183983125837,0.4244368482172976,0.5258632153570969
