Id,Filename,Label,d1,d2,d3,d4,d5,d6,d7,d8
1079,Mix Packs/ST_Electro_Pop/Synth/Chord_OR 2,0.7,0.7046489773078325,0.32050242196970125,0.49051812393089744,0.44091265524944,0.3048414022923431,0.5037433254786876,0.45782346416671305,0.5048201999599352
