Id,Filename,Label,d1,d2,d3,d4,d5,d6,d7,d8
1084,Mix Packs/ST_Electro_Pop/Synth/Chord_OR 6,0.7,0.68820246683,0.3470819721451111,0.49285355588357976,0.4654243251052502,0.29958871718520197,0.5286454216435034,0.46104583587310727,0.5299297538223711
