Id,Filename,Label,d1,d2,d3,d4,d5,d6,d7,d8
1086,Mix Packs/ST_Electro_Pop/Synth/Chord_Punch 1,0.7,0.5276976994452359,0.4330160381646327,0.4426062782422477,0.4357316249226148,0.3125540424201732,0.5786967409719215,0.43439899319087305,0.5137332470728206
