Id,Filename,Label,d1,d2,d3,d4,d5,d6,d7,d8
1117,Mix Packs/ST_Electro_Pop/Synth/Chord_OR 3,0.7,0.7055643946215288,0.30247569739911107,0.5084229552566796,0.4711151297548427,0.31154496724365327,0.5200891795647137,0.47235759786905873,0.5441046173036628
