Id,Filename,Label,d1,d2,d3,d4,d5,d6,d7,d8
1115,Mix Packs/ST_Electro_Pop/Synth/Chord_Punch 5,0.7,0.5959332079368131,0.4204819322672948,0.45089176595181213,0.42537956876198757,0.30743709061040003,0.6058444128433533,0.42957190769225045,0.49799864629558543
