Id,Filename,Label,d1,d2,d3,d4,d5,d6,d7,d8
1132,Mix Packs/ST_Electro_Pop/Synth/Chord_Punch 2,0.7,0.5443575695448792,0.39196220465208403,0.42364085957330666,0.42207904171675575,0.31107857105770964,0.5811664407509497,0.4252556355341258,0.49298078335948814
