Id,Filename,Label,d1,d2,d3,d4,d5,d6,d7,d8
1077,Mix Packs/ST_Electro_Pop/Synth/Chord_OR 1,0.7,0.7037935918914093,0.3314529299768332,0.5151800479438675,0.4536408649737502,0.2957528062312235,0.5190167779796299,0.47741794266280646,0.5385070985104753
