Id,Filename,Label,d1,d2,d3,d4,d5,d6,d7,d8
1113,Mix Packs/ST_Electro_Pop/Synth/Chord_OR 7,0.7,0.6928641884054288,0.3251903125458995,0.4845979346440703,0.4453520906567593,0.30079957582076955,0.5130759854965656,0.46608995213103577,0.5208710736353188
