Id,Filename,Label,d1,d2,d3,d4,d5,d6,d7,d8
1081,Mix Packs/ST_Electro_Pop/Synth/My_House 4,0.7,0.7047141381269845,0.3734341100765376,0.5107607474573217,0.43751225329893434,0.30436773252069915,0.572270428508781,0.31714204692310355,0.6463479257288822
