Id,Filename,Label,d1,d2,d3,d4,d5,d6,d7,d8
1123,Mix Packs/ST_Electro_Pop/Synth/My_House 3,0.7,0.6689070186933255,0.37429987321067004,0.5015442181771198,0.4794366433814772,0.3037939071102148,0.6140795367836891,0.3884270818092179,0.6094835088052111
