Id,Filename,Label,d1,d2,d3,d4,d5,d6,d7,d8
1078,Mix Packs/ST_Electro_Pop/Synth/My_House 1,0.7,0.6656996178665648,0.36723424209358,0.4899281587746676,0.47359340114214576,0.2920780639243484,0.6025810049454342,0.42367494487654067,0.644434734514953
