Id,Filename,Label,d1,d2,d3,d4,d5,d6,d7,d8
1121,Mix Packs/ST_Electro_Pop/Synth/My_House 6,0.7,0.7060311367647674,0.33636193001517706,0.5032572952234606,0.48737514752021477,0.31630919865267826,0.6133248466066011,0.26394416539512067,0.6384214636360334
