Id,Filename,Label,d1,d2,d3,d4,d5,d6,d7,d8
1102,Mix Packs/ST_Electro_Pop/Synth/My_House 2,0.7,0.6808332492195375,0.30967671751138565,0.446918304528604,0.4639556203017462,0.3295829370562828,0.5841501774551819,0.3257591912709819,0.596929444126939
