Id,Filename,Label,d1,d2,d3,d4,d5,d6,d7,d8
1133,Mix Packs/ST_Electro_Pop/Synth/Pizzi_Synth A 2,0.8,0.6899365139020261,0.4249175981394039,0.4980046625016264,0.3477649990250461,0.3206732894072049,0.5668397800255568,0.4006779105376262,0.5929743774878441
