Id,Filename,Label,d1,d2,d3,d4,d5,d6,d7,d8
1082,Mix Packs/ST_Electro_Pop/Synth/Pizzi_Synth A 1,0.8,0.6560184296450918,0.40080397572990534,0.4967864515026648,0.41464176455007334,0.3457799674039992,0.592866811931194,0.37269700639549763,0.5826963348753126
