Id,Filename,Label,d1,d2,d3,d4,d5,d6,d7,d8
1067,Mix Packs/ST_Electro_Pop/Synth/Pizzi_Synth A 4,0.8,0.664204155757211,0.40798318332467787,0.514537001642702,0.3816949865407969,0.33181313785045824,0.5978567961089944,0.3564672123450894,0.5398919979568437
