Id,Filename,Label,d1,d2,d3,d4,d5,d6,d7,d8
1093,Mix Packs/ST_Electro_Pop/Synth/Pizzi_Synth A 3,0.8,0.6701902951273887,0.46485942870375,0.5505757514697102,0.38806268211877626,0.29538299127720613,0.5796868677069904,0.4640995086068105,0.624269051006975
