Id,Filename,Label,d1,d2,d3,d4,d5,d6,d7,d8
1126,Mix Packs/ST_Electro_Pop/Synth/Pizzi_Synth A 5,0.8,0.6812910282566191,0.4032323506081906,0.533436311509045,0.4379695910416166,0.3660047698651822,0.6023549837289871,0.37896888708088833,0.6185989540530757
