Id,Filename,Label,d1,d2,d3,d4,d5,d6,d7,d8
1069,Mix Packs/ST_Electro_Pop/Synth/Pop_Choir 3,0.7,0.6252111429461403,0.3250426308075978,0.5172351657105662,0.49291617283289235,0.36098385462378174,0.7385093704723847,0.41779041561116825,0.6545865836372383
