Id,Filename,Label,d1,d2,d3,d4,d5,d6,d7,d8
1116,Mix Packs/ST_Electro_Pop/Synth/Pop_Choir 4,0.7,0.6212832435070157,0.29287338733743834,0.5354875559059258,0.4760515523533403,0.3535502217798021,0.6884396261191146,0.40789968018669065,0.7153193865985298
