Id,Filename,Label,d1,d2,d3,d4,d5,d6,d7,d8
1104,Mix Packs/ST_Electro_Pop/Synth/Pop_Choir 6,0.7,0.6562403910354325,0.3090758615929981,0.4614128237975371,0.47347327847695886,0.3501516139906364,0.7078133413977452,0.3653970714155508,0.6604086032286385
