Id,Filename,Label,d1,d2,d3,d4,d5,d6,d7,d8
1129,Mix Packs/ST_Electro_Pop/Synth/Pop_Choir 7,0.7,0.6342251240715286,0.3318293293449957,0.48697717437412724,0.46890998157628644,0.307193532224723,0.6721009703466048,0.40175151329148073,0.7050679837119227
