Id,Filename,Label,d1,d2,d3,d4,d5,d6,d7,d8
1096,Mix Packs/ST_Electro_Pop/Synth/Pop_Choir 5,0.7,0.5909572816947867,0.2766178456862525,0.580548256881738,0.544456579257802,0.4238747179390443,0.7347705460197209,0.43214771611450736,0.7020956174794342
