Id,Filename,Label,d1,d2,d3,d4,d5,d6,d7,d8
1089,Mix Packs/ST_Electro_Pop/Synth/Smooth 4,0.5,0.8614238355673592,0.38729598830866263,0.3471113218406576,0.3903277896191184,0.39490201129375746,0.37332031739250293,0.2854644481961738,0.587470540733746
