Id,Filename,Label,d1,d2,d3,d4,d5,d6,d7,d8
1135,Mix Packs/ST_Electro_Pop/Synth/Smooth 5,0.5,0.8195441294420178,0.4398074898730528,0.3581507851585112,0.4204095427739502,0.38463450211356426,0.4301959545861903,0.35272707472865344,0.5511565701397827
