Id,Filename,Label,d1,d2,d3,d4,d5,d6,d7,d8
1071,Mix Packs/ST_Electro_Pop/Synth/Smooth 6,0.5,0.8538040107553561,0.3855642535490725,0.3481114110315001,0.40020246094425455,0.38015450058322514,0.3693475187413971,0.28063658229490074,0.6049035182693314
