Id,Filename,Label,d1,d2,d3,d4,d5,d6,d7,d8
1125,Mix Packs/ST_Electro_Pop/Synth/Smooth 1,0.5,0.8237507994381255,0.4333358450068028,0.3566748887875227,0.4200338987808595,0.35214040935757335,0.37368261600294395,0.37799969429301933,0.6187824117241166
