Id,Filename,Label,d1,d2,d3,d4,d5,d6,d7,d8
1112,Mix Packs/ST_Electro_Pop/Synth/Smooth 2,0.5,0.849207128537817,0.38847252604280347,0.3343879066291696,0.3827314670981856,0.3779548075280427,0.3056634770620633,0.27021032371921316,0.5885242843793025
