Id,Filename,Label,d1,d2,d3,d4,d5,d6,d7,d8
2267,Mix Packs/ST_Loudly_Exclusive/Drums/Loudly Kit E,0.2,0.45656768324918845,0.2858511223395871,0.5085387164731134,0.5479305566837002,0.38052151083280455,0.5178328846372262,0.4378991244284655,0.6127761795247806
