Id,Filename,Label,d1,d2,d3,d4,d5,d6,d7,d8
2276,Mix Packs/ST_Loudly_Exclusive/Drums/Loudly Kit C,0.6,0.5032063932012738,0.31274719546346247,0.5307734970384326,0.5024488735196544,0.34827770941470465,0.6371607318605372,0.4131428197849027,0.5631240665121586
