Id,Filename,Label,d1,d2,d3,d4,d5,d6,d7,d8
2265,Mix Packs/ST_Loudly_Exclusive/Drums/Loudly Build B,0.6,0.45016889612320987,0.35971725668451127,0.4646510285275051,0.7439948577809675,0.5696930371219415,0.6428360828469938,0.42121130312842575,0.6084911203042661
