Id,Filename,Label,d1,d2,d3,d4,d5,d6,d7,d8
2266,Mix Packs/ST_Loudly_Exclusive/Drums/Loudly End Game,0.6,0.7210279765917341,0.2942427810643158,0.3929661841604447,0.7825827995006125,0.27336038081671166,0.6430863665646158,0.5100743237817078,0.4114183725422822
