Id,Filename,Label,d1,d2,d3,d4,d5,d6,d7,d8
2264,Mix Packs/ST_Loudly_Exclusive/Drums/Loudly Kit L,0.2,0.4207361685213755,0.2927247164701829,0.5167659119660577,0.5075432175912221,0.3483779729831216,0.5411354834308242,0.4147301285496479,0.5965586005674812
