Id,Filename,Label,d1,d2,d3,d4,d5,d6,d7,d8
798,Mix Packs/ST_Electro_Lite/Chipsounds/JiveGlitch 7,0.8,0.6244777200758994,0.09424633241601704,0.6586107873252864,0.5419009041933809,0.16383617843939607,0.6133902348840078,0.41776944318678333,0.2973086310598867
