Id,Filename,Label,d1,d2,d3,d4,d5,d6,d7,d8
803,Mix Packs/ST_Electro_Lite/Chipsounds/JiveGlitch 3,0.8,0.6161286236214604,0.14002574520538902,0.6693015151246645,0.5728754937845242,0.15810261375406232,0.6433008667087533,0.44685818647278946,0.3037646342801593
