Id,Filename,Label,d1,d2,d3,d4,d5,d6,d7,d8
799,Mix Packs/ST_Electro_Lite/Chipsounds/JiveGlitch 1,0.8,0.609584523360107,0.14094463251641587,0.6450510024391525,0.5678888606649851,0.16288706900582314,0.6473494650027083,0.4577474890054115,0.2946329768045971
