Id,Filename,Label,d1,d2,d3,d4,d5,d6,d7,d8
795,Mix Packs/ST_Electro_Lite/Chipsounds/JiveGlitch 2,0.8,0.6223282019532186,0.11762353797385658,0.654229449145726,0.5574280840249146,0.17106928652676437,0.6272248755766386,0.40809050705813277,0.27528656603323726
