Id,Filename,Label,d1,d2,d3,d4,d5,d6,d7,d8
806,Mix Packs/ST_Electro_Lite/Chipsounds/JiveGlitch 5,0.8,0.6193729886588698,0.16499178710714238,0.6561893368227285,0.5835560061160784,0.15960036907573452,0.6390500844641572,0.44807696330018076,0.2705561740843063
