Id,Filename,Label,d1,d2,d3,d4,d5,d6,d7,d8
796,Mix Packs/ST_Electro_Lite/Chipsounds/SwinginGrovezz 1,0.8,0.6882250718317071,0.20080736227162838,0.7676294832843392,0.7118948847430143,0.3641059992812988,0.6498215725715073,0.43985520157874375,0.2750420299858335
