Id,Filename,Label,d1,d2,d3,d4,d5,d6,d7,d8
792,Mix Packs/ST_Electro_Lite/Chipsounds/SwinginGrovezz 2,0.8,0.6828618507149381,0.18059969108475493,0.756456645888723,0.7356553049010339,0.36294156378435805,0.6205452530368553,0.42521154803166267,0.2729790409450545
