Id,Filename,Label,d1,d2,d3,d4,d5,d6,d7,d8
804,Mix Packs/ST_Electro_Lite/Chipsounds/SwinginGrovezz 6,0.8,0.7198900342600806,0.13083453467349926,0.7073331937135078,0.7597034756244465,0.49313436340459627,0.7133402722563431,0.4378492926275642,0.2635521594811743
