Id,Filename,Label,d1,d2,d3,d4,d5,d6,d7,d8
805,Mix Packs/ST_Electro_Lite/Chipsounds/SwinginGrovezz 7,0.8,0.7154830790990292,0.09216267118186205,0.5986142798019386,0.7408232302869663,0.5029866545460256,0.7447357187387003,0.4755544006130292,0.29802248534282555
