Id,Filename,Label,d1,d2,d3,d4,d5,d6,d7,d8
794,Mix Packs/ST_Electro_Lite/Chipsounds/SwinginGrovezz 5,0.8,0.6880163315278477,0.19729983249547378,0.7763888793846647,0.7453468210505885,0.4046106208100555,0.6702894628431756,0.4751157962868016,0.2764106382364605
