Id,Filename,Label,d1,d2,d3,d4,d5,d6,d7,d8
1017,Mix Packs/ST_Electro_Pop/Fx/Start_Fx,0.3,0.7424801746192861,0.2947672798553641,0.3815744815266191,0.6148113515515845,0.3192649874424424,0.49565558711290575,0.4927704104218333,0.6416332831326932
