Id,Filename,Label,d1,d2,d3,d4,d5,d6,d7,d8
1009,Mix Packs/ST_Electro_Pop/Fx/Uprising_Fx,0.3,0.6970787323323763,0.44815281002758534,0.5799936895823878,0.8081942457173287,0.16336081247219944,0.3946646431640541,0.434790219381497,0.6919406038738941
