Id,Filename,Label,d1,d2,d3,d4,d5,d6,d7,d8
1008,Mix Packs/ST_Electro_Pop/Fx/Vocoder_Filter 3,0.8,0.6625072177454532,0.14780549551064706,0.47321059383552294,0.8016804052290298,0.32935898565157584,0.36869674043914624,0.6740748311426406,0.7111081984545988
