Id,Filename,Label,d1,d2,d3,d4,d5,d6,d7,d8
1011,Mix Packs/ST_Electro_Pop/Fx/Vocoder_Filter 4,0.8,0.6583215633534427,0.190745562199611,0.473943235590533,0.7721556636674554,0.3017126072070828,0.39108777167901543,0.756131947219141,0.7544587926100789
