Id,Filename,Label,d1,d2,d3,d4,d5,d6,d7,d8
1029,Mix Packs/ST_Electro_Pop/Fx/Vocoder_Filter 1,0.8,0.6842301088595771,0.24493979812900515,0.612641583514955,0.8180864950961756,0.32576975787725404,0.34159113831598453,0.5419230521450165,0.6668399374738562
