Id,Filename,Label,d1,d2,d3,d4,d5,d6,d7,d8
1020,Mix Packs/ST_Electro_Pop/Fx/Vocoder_Filter 7,0.8,0.6705351770171915,0.2529316836240767,0.6112510624896687,0.805510098739005,0.35811929597911446,0.3561352976549512,0.5559747155484187,0.6857475769142283
