Id,Filename,Label,d1,d2,d3,d4,d5,d6,d7,d8
1024,Mix Packs/ST_Electro_Pop/Fx/Vocoder_Filter 6,0.8,0.6544045595582819,0.1408598483493458,0.43843340364670375,0.7893385488932723,0.2534059037699391,0.3296707548763358,0.6915159988145979,0.7272875396563739
