Id,Filename,Label,d1,d2,d3,d4,d5,d6,d7,d8
1028,Mix Packs/ST_Electro_Pop/Fx/Vocoder_Filter 5,0.8,0.6378907598580793,0.2181249916618816,0.5492018886795528,0.7742770591385321,0.26676893943705315,0.3365901634077312,0.6276756746895176,0.7232475714130144
