Id,Filename,Label,d1,d2,d3,d4,d5,d6,d7,d8
2377,Mix Packs/ST_Loudly_Exclusive/Bass/Knarz Hook 2,0.1,0.2757183813378546,0.5839634512022936,0.5173120444211391,0.4872712883284803,0.33131958360528846,0.5496813989959769,0.5430900330834859,0.5519143145708076
