Id,Filename,Label,d1,d2,d3,d4,d5,d6,d7,d8
2367,Mix Packs/ST_Loudly_Exclusive/Bass/Knarz Hook 3,0.1,0.3066212205711416,0.6813418954624471,0.4719126484236926,0.512460952622947,0.34636268950102544,0.5797206489265361,0.551539509323837,0.4896841312363758
