Id,Filename,Label,d1,d2,d3,d4,d5,d6,d7,d8
2351,Mix Packs/ST_Loudly_Exclusive/Bass/Knarz Hook 5,0.1,0.3140956238923036,0.7449587014381368,0.5691609806862085,0.48361992913754975,0.2695412345206653,0.5818874672249379,0.5866491255566657,0.6165093865996955
