Id,Filename,Label,d1,d2,d3,d4,d5,d6,d7,d8
2357,Mix Packs/ST_Loudly_Exclusive/Bass/Knarz Hook 4,0.1,0.3176495470396833,0.6612012712437292,0.49447440539853427,0.513098612279485,0.33181477254625935,0.6096707690708122,0.5282549359593085,0.5065784873539564
