Id,Filename,Label,d1,d2,d3,d4,d5,d6,d7,d8
2360,Mix Packs/ST_Loudly_Exclusive/Bass/Knarz Hook 7,0.1,0.2605221261397116,0.6120789105350867,0.500704531926067,0.5262703351082478,0.34074977944463725,0.5682625230651446,0.6045613464516851,0.5452115339693652
