Id,Filename,Label,d1,d2,d3,d4,d5,d6,d7,d8
807,Mix Packs/ST_Electro_Lite/Lead/ChefLead 5,0.8,0.5812891854637782,0.5511714890575514,0.5060876225682652,0.56559214734567,0.22303052071847532,0.22236822849860527,0.6730068171384922,0.6406618738349976
