Id,Filename,Label,d1,d2,d3,d4,d5,d6,d7,d8
820,Mix Packs/ST_Electro_Lite/Lead/ChefLead 4,0.8,0.5348029504322671,0.3674365445564573,0.5037239852970301,0.5358929347026553,0.22891745502025762,0.21770930246775433,0.5653163615807889,0.6884552073668097
