Id,Filename,Label,d1,d2,d3,d4,d5,d6,d7,d8
809,Mix Packs/ST_Electro_Lite/Lead/ChefLead 3,0.8,0.5495558612168541,0.3731574290863044,0.5243783397961875,0.5869234891277922,0.22409158247481625,0.2358553411452335,0.5781729695543962,0.6980811009568786
