Id,Filename,Label,d1,d2,d3,d4,d5,d6,d7,d8
811,Mix Packs/ST_Electro_Lite/Lead/ChefLead 2,0.8,0.5626584073002782,0.39599903511548745,0.4893095646375002,0.5741714723667775,0.217586215640032,0.13559068330865898,0.5557349828700122,0.7320669512015447
