Id,Filename,Label,d1,d2,d3,d4,d5,d6,d7,d8
812,Mix Packs/ST_Electro_Lite/Lead/ChefLead 1,0.8,0.5849520571518553,0.5043862849582058,0.43775056187292277,0.6053110223988208,0.2508643518939191,0.1704650136397461,0.5780512390610468,0.6432863837922105
