Id,Filename,Label,d1,d2,d3,d4,d5,d6,d7,d8
810,Mix Packs/ST_Electro_Lite/Lead/ChefLead 7,0.8,0.5125294475830491,0.39945439260498783,0.5263073654661049,0.5624222560597801,0.20433230942362068,0.21839991072216308,0.5582088531265548,0.7278656960302448
