Id,Filename,Label,d1,d2,d3,d4,d5,d6,d7,d8
2280,Mix Packs/ST_Loudly_Exclusive/Vocal FX/Circular Fury A,0.9,0.7079499205120585,0.48843772866634416,0.5315564614105687,0.4722408907830835,0.2888118935014334,0.6075626705266988,0.5146968113652971,0.6692403456818328
