Id,Filename,Label,d1,d2,d3,d4,d5,d6,d7,d8
2285,Mix Packs/ST_Loudly_Exclusive/Vocal FX/Eerie Angel E,0.3,0.7310943241136971,0.3609452389036596,0.3133635015278254,0.8468843556172435,0.25013782300776644,0.5859272595048001,0.6811970492364331,0.4047460482031986
