Id,Filename,Label,d1,d2,d3,d4,d5,d6,d7,d8
2301,Mix Packs/ST_Loudly_Exclusive/Vocal FX/Eerie Angel B,0.9,0.6800365620861433,0.3855405681580858,0.500578160187364,0.6557698403023273,0.36087107861870293,0.6668022762833051,0.7296984425180113,0.5666209778349286
