Id,Filename,Label,d1,d2,d3,d4,d5,d6,d7,d8
2292,Mix Packs/ST_Loudly_Exclusive/Vocal FX/Hi Fly Wave B,0.9,0.72869309815102,0.3751170030145959,0.5133062723832104,0.5913990235181306,0.44794160795300275,0.6326601271539383,0.4599938465837669,0.7002493066301598
