Id,Filename,Label,d1,d2,d3,d4,d5,d6,d7,d8
2296,Mix Packs/ST_Loudly_Exclusive/Vocal FX/World Stage 1,0.9,0.7258023152903157,0.40093451248455836,0.5914259894573857,0.5299546970608823,0.4420571218237093,0.5147306301912423,0.4990866250725282,0.535642986323163
