Id,Filename,Label,d1,d2,d3,d4,d5,d6,d7,d8
2294,Mix Packs/ST_Loudly_Exclusive/Vocal FX/World Stage 6,0.9,0.7166695033331245,0.41962639717918004,0.5784065653914858,0.5495286469886673,0.44310398860035927,0.5278631716427933,0.48710464442591744,0.5320106506465077
