Id,Filename,Label,d1,d2,d3,d4,d5,d6,d7,d8
2291,Mix Packs/ST_Loudly_Exclusive/Vocal FX/World Stage 4,0.9,0.6954080628139361,0.41823821697411817,0.580350662745843,0.5380543026326725,0.4283519592377416,0.5449831234900674,0.5139349331883802,0.5201356013864054
