Id,Filename,Label,d1,d2,d3,d4,d5,d6,d7,d8
2293,Mix Packs/ST_Loudly_Exclusive/Vocal FX/World Stage 5,0.9,0.7173129081115246,0.3885276859959617,0.588103321227111,0.5392202702056068,0.4459047223297562,0.5380395933139106,0.49107664604264073,0.5383684966097979
