Id,Filename,Label,d1,d2,d3,d4,d5,d6,d7,d8
2283,Mix Packs/ST_Loudly_Exclusive/Vocal FX/World Stage 2,0.9,0.7162711240431994,0.4200517973463245,0.5961762243952945,0.5341919948407184,0.4489461048582827,0.536127790691599,0.5104616795516378,0.5243208045847315
