Id,Filename,Label,d1,d2,d3,d4,d5,d6,d7,d8
2282,Mix Packs/ST_Loudly_Exclusive/Vocal FX/World Stage 3,0.9,0.7130967724184887,0.3960992194178395,0.5748885708194402,0.5294888468134982,0.4547199934099143,0.5324728791748841,0.5045804770778226,0.515802552106681
