Id,Filename,Label,d1,d2,d3,d4,d5,d6,d7,d8
1225,Mix Packs/ST_House_Lite/Bass/Booking 4,0.1,0.14201808604231175,0.36703388313382623,0.5886713252699549,0.5281416769496887,0.32825910803873254,0.5849030227970727,0.37126985735628615,0.5701366304362304
