Id,Filename,Label,d1,d2,d3,d4,d5,d6,d7,d8
903,Mix Packs/ST_Electro_Pop/Pad/Chill_Out 7,0.5,0.8079558452953047,0.371427316576752,0.3073029885783626,0.5730841327236862,0.5132256224221359,0.4708639178439784,0.48268680482466025,0.45833108939096995
