Id,Filename,Label,d1,d2,d3,d4,d5,d6,d7,d8
900,Mix Packs/ST_Electro_Pop/Pad/Chill_Out 2,0.5,0.7931931012650406,0.3340163127385143,0.329514909358292,0.6093848188376795,0.505888867651967,0.44271231161955477,0.502181165111605,0.5463130582236665
