Id,Filename,Label,d1,d2,d3,d4,d5,d6,d7,d8
891,Mix Packs/ST_Electro_Pop/Pad/Chill_Out 1,0.5,0.8127043763624934,0.3463508407173309,0.2799143492057987,0.6394688338387985,0.48109693639606754,0.46217141940770706,0.6717732300067991,0.6028021954362831
