Id,Filename,Label,d1,d2,d3,d4,d5,d6,d7,d8
894,Mix Packs/ST_Electro_Pop/Pad/Chill_Out 6,0.5,0.7902957344756695,0.3445770872912859,0.3241752866398956,0.5986699109395618,0.48981499592954425,0.4821171148366302,0.4829686095716266,0.48581155315815666
