Id,Filename,Label,d1,d2,d3,d4,d5,d6,d7,d8
909,Mix Packs/ST_Electro_Pop/Pad/Chill_Out 4,0.5,0.7567081101522811,0.24047600916682516,0.2931762484791234,0.5941270966403863,0.5255254985930219,0.47393891414480194,0.5335079391889439,0.6243931938325253
