Id,Filename,Label,d1,d2,d3,d4,d5,d6,d7,d8
919,Mix Packs/ST_Electro_Pop/Pad/Chill_Out 3,0.5,0.7741356756048433,0.2936580763933626,0.2465193867200951,0.6456028883478793,0.545993497185497,0.5356985410960421,0.635731283199889,0.5889275380670294
