Id,Filename,Label,d1,d2,d3,d4,d5,d6,d7,d8
908,Mix Packs/ST_Electro_Pop/Pad/Phasing 3,0.5,0.7401004120413581,0.2848991784209969,0.39364719227896583,0.4930909160047773,0.37020286802514024,0.5953367334193799,0.485002876451024,0.6199344945598321
