Id,Filename,Label,d1,d2,d3,d4,d5,d6,d7,d8
904,Mix Packs/ST_Electro_Pop/Pad/Phasing 7,0.5,0.7467869377263017,0.33822386316581343,0.39570698272506244,0.4674721380519635,0.3127967795799897,0.5580778474936376,0.4813878000259624,0.612127457497059
