Id,Filename,Label,d1,d2,d3,d4,d5,d6,d7,d8
922,Mix Packs/ST_Electro_Pop/Pad/Phasing 1,0.5,0.7284706663911699,0.3363149854225806,0.41031547331790147,0.48710422903789297,0.32730521124802475,0.5917005114535665,0.505981807786973,0.5820227377958207
