Id,Filename,Label,d1,d2,d3,d4,d5,d6,d7,d8
892,Mix Packs/ST_Electro_Pop/Pad/Phasing 4,0.5,0.7359012258506588,0.2926628156311034,0.41436289889415245,0.4645638367970466,0.37826931509540956,0.5960090772933968,0.4808443238952019,0.6471629265892498
