Id,Filename,Label,d1,d2,d3,d4,d5,d6,d7,d8
918,Mix Packs/ST_Electro_Pop/Pad/Phasing 5,0.5,0.6952286004010099,0.24547854489947346,0.39777431224347315,0.48963566972221756,0.39892081683225344,0.6108224049180596,0.4770991408901041,0.6132560253395541
