Id,Filename,Label,d1,d2,d3,d4,d5,d6,d7,d8
899,Mix Packs/ST_Electro_Pop/Pad/Scratch_Pad 7,0.8,0.6546682573457524,0.38270710925649476,0.3715880838864182,0.35152276434349417,0.26683536004682756,0.35446020844714077,0.5102462234267436,0.3741497953587417
