Id,Filename,Label,d1,d2,d3,d4,d5,d6,d7,d8
914,Mix Packs/ST_Electro_Pop/Pad/Scratch_Pad 3,0.8,0.6826702074726708,0.5638182039971579,0.44970571433655004,0.376295197283691,0.236835383046831,0.333508618122248,0.556731413149054,0.4576330373090591
