Id,Filename,Label,d1,d2,d3,d4,d5,d6,d7,d8
920,Mix Packs/ST_Electro_Pop/Pad/Scratch_Pad 6,0.8,0.4824765228499492,0.5039917428960194,0.41029654751495476,0.3795323010915391,0.28571828971270025,0.36556799044800764,0.5231613294703507,0.4122556955288851
