Id,Filename,Label,d1,d2,d3,d4,d5,d6,d7,d8
902,Mix Packs/ST_Electro_Pop/Pad/Scratch_Pad 5,0.8,0.6509065405593881,0.5901588832710253,0.42089825618017757,0.330566828517431,0.24475024025601133,0.34546833341033234,0.5794584516079921,0.2990066911815358
