Id,Filename,Label,d1,d2,d3,d4,d5,d6,d7,d8
910,Mix Packs/ST_Electro_Pop/Pad/Scratch_Pad 4,0.8,0.7016594284443801,0.544853502981736,0.42723194100253375,0.3392815070285411,0.23873943736626974,0.33692466418243333,0.5955699677965269,0.4538141987484453
