Id,Filename,Label,d1,d2,d3,d4,d5,d6,d7,d8
917,Mix Packs/ST_Electro_Pop/Pad/Sidechainer 3,0.5,0.7017958217671625,0.2922891365631872,0.4834403782195498,0.42592355261987,0.32893341768783646,0.5551933365425709,0.4207881021107499,0.5487167900922355
