Id,Filename,Label,d1,d2,d3,d4,d5,d6,d7,d8
890,Mix Packs/ST_Electro_Pop/Pad/Sidechainer 6,0.5,0.6988110873998128,0.29585316910743575,0.4790418170268548,0.4296597822496727,0.3166816405546412,0.5300622467121529,0.4324767195953517,0.553765053265838
