Id,Filename,Label,d1,d2,d3,d4,d5,d6,d7,d8
911,Mix Packs/ST_Electro_Pop/Pad/Sidechainer 7,0.5,0.7112556052244475,0.34377795143532935,0.48351837975991346,0.3981722192361517,0.3087626074241697,0.5134727857507895,0.4178195456275691,0.5851278232630184
