Id,Filename,Label,d1,d2,d3,d4,d5,d6,d7,d8
907,Mix Packs/ST_Electro_Pop/Pad/Sidechainer 1,0.5,0.7069445128718227,0.34595847288094517,0.4967585423619752,0.40512773443953126,0.3068452238389813,0.5229782259003773,0.4596361026243702,0.5415137392211565
