Id,Filename,Label,d1,d2,d3,d4,d5,d6,d7,d8
905,Mix Packs/ST_Electro_Pop/Pad/Sidechainer 5,0.5,0.7204715715273933,0.3021299327561512,0.4363654349465023,0.3954902141945238,0.35801642460265287,0.5393168918909667,0.3920382484747962,0.46969358553312635
