Id,Filename,Label,d1,d2,d3,d4,d5,d6,d7,d8
841,Mix Packs/ST_Electro_Pop/Vocals/Listen Verse A 4,0.9,0.7642770450980299,0.4979979739529198,0.7042693659417961,0.5795609178214688,0.5866352980818244,0.5103069593957598,0.5032097309375384,0.6292244086201377
