Id,Filename,Label,d1,d2,d3,d4,d5,d6,d7,d8
832,Mix Packs/ST_Electro_Pop/Vocals/Listen Verse B 6,0.9,0.8017413986304072,0.5173527611344131,0.7044090066487758,0.7010838919225072,0.5443440217914151,0.39582253808012313,0.4734880202789869,0.528045106840069
