Id,Filename,Label,d1,d2,d3,d4,d5,d6,d7,d8
852,Mix Packs/ST_Electro_Pop/Vocals/Listen Verse B 7,0.9,0.8099147540028727,0.5086841690588222,0.6896148395499294,0.7214406600490118,0.5590821156853926,0.3756089804936257,0.4413372514954748,0.5384875603878416
