Id,Filename,Label,d1,d2,d3,d4,d5,d6,d7,d8
863,Mix Packs/ST_Electro_Pop/Vocals/Listen Verse A 6,0.9,0.7771315157191664,0.5210051512991282,0.6390718130517893,0.5948519083261821,0.6446534795695156,0.4791430586482171,0.4630402516533811,0.37600576438469513
