Id,Filename,Label,d1,d2,d3,d4,d5,d6,d7,d8
838,Mix Packs/ST_Electro_Pop/Vocals/Listen Verse A 7,0.9,0.8041532402179957,0.48910090625955355,0.6480836683949892,0.6276288246428063,0.6929742704758545,0.4639033145943773,0.44550929738362405,0.43215897703788697
