Id,Filename,Label,d1,d2,d3,d4,d5,d6,d7,d8
855,Mix Packs/ST_Electro_Pop/Vocals/Listen Verse B 1,0.9,0.8010993940050299,0.49885939425746584,0.6731664907116144,0.7300561035385323,0.5462053401414503,0.4013665708331161,0.47274849488515086,0.5584141538848139
