Id,Filename,Label,d1,d2,d3,d4,d5,d6,d7,d8
829,Mix Packs/ST_Electro_Pop/Vocals/Listen Verse B 5,0.9,0.7871234336058031,0.5153815683435774,0.6809840106150242,0.7143244698324526,0.5369481105037008,0.36625111893688944,0.5195107129562275,0.5363626919647593
