Id,Filename,Label,d1,d2,d3,d4,d5,d6,d7,d8
824,Mix Packs/ST_Electro_Pop/Vocals/Listen Verse A 3,0.9,0.7811265461795458,0.5111957258154274,0.6754273724146008,0.5866317118274856,0.576522128798395,0.509214427960653,0.4700910604985606,0.5652549414259086
