Id,Filename,Label,d1,d2,d3,d4,d5,d6,d7,d8
836,Mix Packs/ST_Electro_Pop/Vocals/Listen Verse B 3,0.9,0.7787310889045519,0.4757473245114956,0.6486788580097242,0.6950290722459719,0.4832745726533114,0.46778849447082693,0.4983816137667783,0.6164523276445993
