Id,Filename,Label,d1,d2,d3,d4,d5,d6,d7,d8
827,Mix Packs/ST_Electro_Pop/Vocals/Listen Verse A 5,0.9,0.7323046355622758,0.5287684568975419,0.5806526435792168,0.6068391467575913,0.59797863015689,0.4404390083279796,0.536777323074235,0.44618815671023937
