Id,Filename,Label,d1,d2,d3,d4,d5,d6,d7,d8
1217,Mix Packs/ST_House_Lite/Keys/Houseglass 2,0.4,0.7741267182800261,0.3599481296133991,0.42890917788349936,0.48500852146422685,0.42038674577720936,0.5734532812133303,0.37790328081972246,0.7083948993897138
