Id,Filename,Label,d1,d2,d3,d4,d5,d6,d7,d8
1210,Mix Packs/ST_House_Lite/Keys/Houseglass 1,0.4,0.7475499807026271,0.397200121192952,0.4206547833953869,0.47598878495679053,0.3713250986567862,0.5774017555542788,0.450879774911603,0.6808778011363606
