Id,Filename,Label,d1,d2,d3,d4,d5,d6,d7,d8
1209,Mix Packs/ST_House_Lite/Keys/Houseglass 3,0.4,0.7247145946013598,0.4013930151113273,0.46372554689314,0.4976461286345047,0.41057567864254546,0.6303953230475494,0.5009350299229486,0.7144502475015728
