Id,Filename,Label,d1,d2,d3,d4,d5,d6,d7,d8
1204,Mix Packs/ST_House_Lite/Keys/Houseglass 6,0.4,0.7216426821578776,0.4894542828496996,0.37852705485201893,0.4594481301139607,0.33553993472019333,0.5845015773787322,0.5655311235673789,0.5856208899220675
