Id,Filename,Label,d1,d2,d3,d4,d5,d6,d7,d8
1205,Mix Packs/ST_House_Lite/Keys/Houseglass 7,0.4,0.7693940282187336,0.3713003474564193,0.3466200706894359,0.4410048908238566,0.3782421933946266,0.5233026828310382,0.4228216641916629,0.6058774845032859
