Id,Filename,Label,d1,d2,d3,d4,d5,d6,d7,d8
869,Mix Packs/ST_Electro_Pop/Drums/Circus_Set G,0.2,0.5531508009228995,0.1978023828721448,0.6821555587720675,0.6739271188982946,0.561232218189414,0.5510367079404321,0.5381637363476077,0.338157123505726
