Id,Filename,Label,d1,d2,d3,d4,d5,d6,d7,d8
875,Mix Packs/ST_Electro_Pop/Drums/Circus_Set C,0.2,0.7114367455570607,0.29831331898297586,0.6173424133540647,0.9817055589199788,0.6587360482828974,0.7569023616359146,0.506203212695712,0.3436348130895369
