Id,Filename,Label,d1,d2,d3,d4,d5,d6,d7,d8
877,Mix Packs/ST_Electro_Pop/Drums/Face_Off A,0.2,0.3067344658872108,0.2861234950075303,0.5166073727873234,0.39262695650039825,0.37896391730080287,0.517101107514133,0.45090536627321326,0.5460906803983361
