Id,Filename,Label,d1,d2,d3,d4,d5,d6,d7,d8
878,Mix Packs/ST_Electro_Pop/Drums/Face_Off D,0.2,0.34845629705598036,0.29983705066086014,0.5476236550216437,0.3685303880968928,0.3629239858337847,0.4809225193960336,0.4171122684610156,0.514476269509458
