Id,Filename,Label,d1,d2,d3,d4,d5,d6,d7,d8
873,Mix Packs/ST_Electro_Pop/Drums/Flag_Control D,0.2,0.609463555787344,0.13378102262786462,0.6547160712083733,0.3534234356676963,0.32612361968740866,0.5049319341013915,0.46590506549415833,0.48483220662630166
