Id,Filename,Label,d1,d2,d3,d4,d5,d6,d7,d8
886,Mix Packs/ST_Electro_Pop/Drums/Flag_Control F,0.2,0.3335004482191671,0.18108312201873267,0.5223424156520877,0.5904520563670987,0.31682559770713653,0.6625954548787859,0.4671575860908263,0.5832979430755887
