Id,Filename,Label,d1,d2,d3,d4,d5,d6,d7,d8
865,Mix Packs/ST_Electro_Pop/Drums/Funky_Elec D,0.2,0.3078442358283555,0.18604820754417575,0.5232252497159411,0.45517180769856197,0.3757350971098598,0.5662407721717237,0.5037133373613276,0.6107934285650752
