Id,Filename,Label,d1,d2,d3,d4,d5,d6,d7,d8
879,Mix Packs/ST_Electro_Pop/Drums/Reverb_Drums C,0.2,0.6899360931983891,0.3360408119283908,0.6243074514968177,0.46483596340410505,0.28744955365686053,0.5776578379419725,0.4919968813567969,0.5705655853626896
