Id,Filename,Label,d1,d2,d3,d4,d5,d6,d7,d8
880,Mix Packs/ST_Electro_Pop/Drums/Reverb_Drums E,0.2,0.14225292807797485,0.2311644267619199,0.45372507769585163,0.5269245584530625,0.3792270694964682,0.6133910495531506,0.43001639766465294,0.7219404706569972
