Id,Filename,Label,d1,d2,d3,d4,d5,d6,d7,d8
2350,Mix Packs/ST_Loudly_Exclusive/Organic/Dark Rezo A,0.3,0.7164162337025224,0.7082331466915102,0.6432912939976783,0.6844593440028945,0.3474222878666426,0.6984584702896723,0.7156776040901519,0.8203983797072798
