Id,Filename,Label,d1,d2,d3,d4,d5,d6,d7,d8
2335,Mix Packs/ST_Loudly_Exclusive/Organic/Dark Rezo B,0.3,0.7658933394263399,0.7224994587624394,0.5675711422008853,0.8630569181940715,0.09174256741024844,0.35822424240207185,0.3243575287907019,0.590799811733798
