Id,Filename,Label,d1,d2,d3,d4,d5,d6,d7,d8
2336,Mix Packs/ST_Loudly_Exclusive/Organic/Piano Moan 3,0.4,0.715202153385685,0.710629760769375,0.5392004487555839,0.5056873993126464,0.33667294180153134,0.6835679089615995,0.671331275726813,0.587025806516702
