Id,Filename,Label,d1,d2,d3,d4,d5,d6,d7,d8
2337,Mix Packs/ST_Loudly_Exclusive/Organic/Trippin Spider B,0.3,0.7226971727137508,0.28207893220733216,0.42455781790229313,0.46725642857637506,0.28691313135468666,0.5244095977805769,0.42012585767348676,0.5520554991481221
