Id,Filename,Label,d1,d2,d3,d4,d5,d6,d7,d8
2342,Mix Packs/ST_Loudly_Exclusive/Organic/Weird Cymb B,0.3,0.7108399394764792,0.3477012007016453,0.3133249344737264,0.8600109128324196,0.3063664724811792,0.6283210346778864,0.6290839960329253,0.5152954303164404
