Id,Filename,Label,d1,d2,d3,d4,d5,d6,d7,d8
726,Mix Packs/ST_Electro_Lite/Pad/OneLightPad 5,0.5,0.6790247393998933,0.5228538206909572,0.45330354022677755,0.45081112421904723,0.36795025644514046,0.5695411437759121,0.5191836838764082,0.5030799772095064
