Id,Filename,Label,d1,d2,d3,d4,d5,d6,d7,d8
724,Mix Packs/ST_Electro_Lite/Pad/OneLightPad 1,0.5,0.6787477231177771,0.4799621070302673,0.41008868214383176,0.4337268830241475,0.35127852006583754,0.5451580316534318,0.5392157414753351,0.46399163219981093
