Id,Filename,Label,d1,d2,d3,d4,d5,d6,d7,d8
725,Mix Packs/ST_Electro_Lite/Pad/OneLightPad 6,0.5,0.672928582467853,0.4140525470368904,0.4502916134006316,0.4469898365875289,0.3473777706323262,0.5443637334586469,0.5202913838402236,0.5607944229053771
