Id,Filename,Label,d1,d2,d3,d4,d5,d6,d7,d8
720,Mix Packs/ST_Electro_Lite/Pad/OneLightPad 4,0.5,0.6472035421245148,0.32228540044947546,0.41115932276642814,0.41522001607399145,0.34511257767804093,0.5340905823727434,0.5238808572510537,0.5208300387440326
