Id,Filename,Label,d1,d2,d3,d4,d5,d6,d7,d8
722,Mix Packs/ST_Electro_Lite/Pad/OneLightPad 7,0.5,0.6748081318646753,0.33589302068974736,0.3700053234704166,0.4144886545197599,0.3674572878420963,0.5024340616469257,0.458583861614316,0.4498383310663136
