Id,Filename,Label,d1,d2,d3,d4,d5,d6,d7,d8
729,Mix Packs/ST_Electro_Lite/Pad/OneLightPad 3,0.5,0.6523678811599608,0.4054170274478492,0.40342375303688643,0.44029121105326846,0.3690465218456676,0.5738103619552526,0.5063449030524495,0.4481129660322945
