Id,Filename,Label,d1,d2,d3,d4,d5,d6,d7,d8
1173,Mix Packs/ST_House_Lite/Pad/Elecmount 3,0.5,0.8277341055203002,0.3203432944845391,0.2370029134007675,0.4504025840245214,0.40190802609708004,0.5452756158360179,0.5060902269060131,0.5262203210259923
