Id,Filename,Label,d1,d2,d3,d4,d5,d6,d7,d8
1159,Mix Packs/ST_House_Lite/Pad/Elecmount 7,0.5,0.8231240666650962,0.34205350074170354,0.1848506665647494,0.4611908527125579,0.4097718031237033,0.5304218912848462,0.5437565568140121,0.500789607020405
