Id,Filename,Label,d1,d2,d3,d4,d5,d6,d7,d8
1161,Mix Packs/ST_House_Lite/Pad/Elecmount 6,0.5,0.8531411043009328,0.32498235880540927,0.24366983380613338,0.4609520589507627,0.4221068265201885,0.5486528710703648,0.5262377741049487,0.5440200612727673
