Id,Filename,Label,d1,d2,d3,d4,d5,d6,d7,d8
1176,Mix Packs/ST_House_Lite/Pad/Elecmount 5,0.5,0.789278734199413,0.3502887238477221,0.27296586748489204,0.44762735718707397,0.361376885469149,0.5470172384992817,0.5927246331105668,0.5179592518812652
