Id,Filename,Label,d1,d2,d3,d4,d5,d6,d7,d8
1155,Mix Packs/ST_House_Lite/Pad/Elecmount 2,0.5,0.8547246190858493,0.33904808647246076,0.24611732105347384,0.44934550700328635,0.3989959569747812,0.5155703778967814,0.5722850818166012,0.5217204534568795
