Id,Filename,Label,d1,d2,d3,d4,d5,d6,d7,d8
1152,Mix Packs/ST_House_Lite/Pad/Tubing 5,0.5,0.8120129468453532,0.4317477982497606,0.2782966568193065,0.4440908002875764,0.43414558099232164,0.7461454835269972,0.8518028510296808,0.5790170779846678
