Id,Filename,Label,d1,d2,d3,d4,d5,d6,d7,d8
1162,Mix Packs/ST_House_Lite/Pad/Tubing 1,0.5,0.860725971834625,0.389909858114925,0.336692628972382,0.4255237809298605,0.48931378833970074,0.6939725778419106,0.663556142430528,0.5644376931900157
