Id,Filename,Label,d1,d2,d3,d4,d5,d6,d7,d8
1157,Mix Packs/ST_House_Lite/Pad/Tubing 6,0.5,0.7820824033597128,0.4127375690509119,0.3345862575243068,0.4328581937629103,0.403178298162661,0.7528416446299074,0.8056922747423505,0.5772009553136231
