Id,Filename,Label,d1,d2,d3,d4,d5,d6,d7,d8
1148,Mix Packs/ST_House_Lite/Pad/Tubing 7,0.5,0.8225423915029632,0.40097809437645004,0.3275681949454695,0.42711768185293725,0.4388158136064725,0.7360327563544813,0.7747425135410391,0.5900929550059685
