Id,Filename,Label,d1,d2,d3,d4,d5,d6,d7,d8
1170,Mix Packs/ST_House_Lite/Pad/Tubing 4,0.5,0.8103746414710512,0.32560882738956876,0.6162530646723667,0.4962234815623488,0.595853733817991,0.49161262974601405,0.3716194554612746,0.48911388192440264
