Id,Filename,Label,d1,d2,d3,d4,d5,d6,d7,d8
1160,Mix Packs/ST_House_Lite/Pad/Tubing 2,0.5,0.8278983462397437,0.39219192240565676,0.4359772789315521,0.43883394471117904,0.48153476374689125,0.6488838752649149,0.5985908582368277,0.5821452105852739
